codigo_estudiantil,nombre,apellido,carrera,numero_telefono
1,Nikos,Bungey,Tecnología en Electricidad de Media y Baja Tensión,5676576704
2,Tuckie,Keniwell,Otro,1427952059
3,Leah,Malt,Ingeniería Eléctrica,8923842005
4,Dael,Cannon,Ingeniería de Producción,7928670719
5,Lorin,Sabater,Tecnología en Electrónica Industrial,1325033720
6,Sandye,Anstey,Tecnología en Electrónica Industrial,9864495259
7,Jarred,Cansdale,Ingeniería Eléctrica,1676132699
8,Margaret,Gergely,Ingeniería en Telemática,3427728356
9,Blayne,Driffe,Ingeniería en Telecomunicaciones,1513322332
10,Lydia,De Ferrari,Tecnología en Construcciones Civiles,2539705291
11,Cheri,Huston,Ingeniería en Telemática,7476211919
12,Stewart,Olech,Ingeniería en Control y Automatización,8693593314
13,Margot,Kilgallon,Otro,9776409974
14,Bili,Mattack,Otro,6764535251
15,Charlton,Balfe,Tecnología en Mecánica Industrial,9616238165
16,Lexi,Shivell,Tecnología en Mecánica Industrial,9703447654
17,Fanya,Laity,Otro,9046447784
18,Sheffie,Maypowder,Tecnología en Mecánica Industrial,5545960322
19,Huntley,Ritchings,Ingeniería en Control y Automatización,8775942904
20,Donnie,Swadlinge,Ingeniería en Telemática,6283790865
21,Ivie,Sabbatier,Tecnología en Electricidad de Media y Baja Tensión,5657202008
22,Isabelle,Postlewhite,Tecnología en Mecánica Industrial,3656374840
23,Hesther,Thorrington,Ingeniería en Telemática,6368386205
24,Chrisy,Emons,Tecnología en Sistematización de Datos,7473542676
25,Valera,Lammert,Ingeniería Eléctrica,7902470957
26,Paola,Corp,Tecnología en Electricidad de Media y Baja Tensión,5557335095
27,Maurizio,Langstaff,Tecnología en Gestión de la Producción Industrial,3696579260
28,Jase,Crepel,Tecnología en Construcciones Civiles,6526803750
29,Corrianne,Capstick,Ingeniería Mecánica,1672719931
30,Lexine,Delamaine,Ingeniería en Control y Automatización,5994153565
31,Freddie,Renac,Ingeniería en Telecomunicaciones,1607748499
32,Willem,Hesse,Tecnología en Mecánica Industrial,4114593506
33,Joceline,Purselowe,Tecnología en Electrónica Industrial,5908096873
34,Jenni,Kirkham,Tecnología en Sistematización de Datos,6409386653
35,Eileen,Nye,Otro,8033963860
36,Ursola,Bridywater,Ingeniería Civil,8365207474
37,Gabriellia,Longrigg,Ingeniería Eléctrica,3866960237
38,Peder,Benediktovich,Ingeniería de Producción,8887886526
39,Fedora,Wartonby,Ingeniería de Producción,8161116199
40,Asa,Arunowicz,Ingeniería en Telemática,5728818502
41,Dulciana,Daymond,Otro,4443036963
42,Rebeka,Figures,Ingeniería Mecánica,5571617668
43,Francesca,Bredgeland,Tecnología en Mecánica Industrial,7174233509
44,Weider,Giorio,Ingeniería en Control y Automatización,1951805005
45,Brock,Looker,Ingeniería en Control y Automatización,1831539278
46,Hadlee,Mallon,Tecnología en Gestión de la Producción Industrial,3365709960
47,Ailbert,Eginton,Tecnología en Construcciones Civiles,5716887355
48,Nady,Samwaye,Tecnología en Construcciones Civiles,9786724025
49,Lucais,Jeschner,Ingeniería en Telemática,9323395337
50,Lexine,Andrzej,Ingeniería Civil,2777587552
51,Leora,Merle,Ingeniería Eléctrica,5124397458
52,Victoria,Loddy,Tecnología en Electrónica Industrial,4648275974
53,Rosalynd,Lomis,Ingeniería Civil,7894014974
54,Maurise,Guiot,Ingeniería Mecánica,9713247767
55,Halie,Clubley,Tecnología en Electrónica Industrial,5582662715
56,Morten,Geikie,Tecnología en Gestión de la Producción Industrial,1399737513
57,Drucie,Gregorace,Ingeniería Eléctrica,3127909648
58,Emyle,Rozec,Ingeniería en Control y Automatización,1175812790
59,Arlyne,Shimon,Tecnología en Sistematización de Datos,3063679892
60,Orel,Shortell,Tecnología en Construcciones Civiles,3627531141
61,Odo,McColm,Ingeniería Civil,8939876357
62,Jandy,Corryer,Tecnología en Electrónica Industrial,1873703313
63,Orville,Starton,Ingeniería Eléctrica,6423072636
64,Nelie,Gentner,Ingeniería de Producción,4342430111
65,Noach,Horribine,Ingeniería de Producción,1314814019
66,Lemuel,Roze,Tecnología en Sistematización de Datos,7881827913
67,Lanie,Dunphy,Ingeniería Civil,1596818222
68,D'arcy,Chippendale,Tecnología en Construcciones Civiles,1273698692
69,Flynn,McKevany,Tecnología en Sistematización de Datos,3069363354
70,Louella,Juniper,Tecnología en Construcciones Civiles,8003304195
71,Rochester,Donnell,Ingeniería en Telemática,2494400711
72,Mirelle,Verson,Ingeniería Civil,2328797587
73,Leilah,de Voiels,Tecnología en Electrónica Industrial,1408895683
74,Wallas,Legion,Tecnología en Gestión de la Producción Industrial,3225549637
75,Annnora,Epton,Otro,6909410061
76,Packston,Tuck,Ingeniería en Telecomunicaciones,5131046813
77,Belvia,Cerie,Ingeniería en Telemática,6269039587
78,Renie,Vreiberg,Ingeniería Civil,7199990011
79,Raddie,Roscher,Ingeniería Civil,3563823480
80,Falkner,Guillard,Tecnología en Mecánica Industrial,9407800886
81,Jeniece,Lampitt,Ingeniería Eléctrica,8234430464
82,Amandy,Missington,Tecnología en Mecánica Industrial,1312420451
83,Nico,Ferrero,Ingeniería en Control y Automatización,5837741976
84,Nikki,Woolsey,Tecnología en Electricidad de Media y Baja Tensión,2639023649
85,Annemarie,Gowland,Ingeniería en Control y Automatización,4612336644
86,Deny,Yakuntzov,Ingeniería en Telemática,7264218427
87,Berny,Lowe,Tecnología en Electrónica Industrial,8719011725
88,Colby,Le Prevost,Ingeniería Mecánica,6691402267
89,Lovell,MacAlpyne,Ingeniería de Producción,8453743611
90,Tiertza,Maclean,Tecnología en Electrónica Industrial,2917001625
91,Barbaraanne,Pletts,Ingeniería en Telemática,7818508881
92,Em,Tessington,Tecnología en Mecánica Industrial,6243535741
93,Cherlyn,Paffitt,Tecnología en Mecánica Industrial,9208663666
94,Penelope,Linnard,Ingeniería en Telemática,3452173658
95,Nara,Abbett,Tecnología en Sistematización de Datos,4804655483
96,Kerby,Smale,Otro,6512359021
97,Vasili,Old,Ingeniería Civil,9344266340
98,Armin,Colloff,Ingeniería en Telecomunicaciones,8398018276
99,Kakalina,Dunican,Ingeniería de Producción,7621194427
100,Concordia,Grigor,Ingeniería Eléctrica,5954384393
101,Maude,de Nore,Ingeniería Civil,6838982897
102,Jacqueline,Matanin,Ingeniería de Producción,9728721374
103,Deeyn,Pere,Tecnología en Construcciones Civiles,3331122081
104,Kay,Pearsall,Tecnología en Sistematización de Datos,8986261476
105,Alasteir,Largan,Ingeniería de Producción,9043384438
106,Friederike,Moughtin,Ingeniería en Control y Automatización,6979772059
107,Guillaume,Heller,Ingeniería Civil,6899231734
108,Roldan,Horry,Tecnología en Electrónica Industrial,6691896971
109,Ottilie,Rosiello,Tecnología en Construcciones Civiles,5519200082
110,Lynett,Showler,Ingeniería en Telemática,4738167361
111,Jephthah,Kores,Ingeniería Civil,8679871501
112,Valina,Goodship,Ingeniería en Control y Automatización,2317179680
113,Helen,Coppo,Ingeniería en Control y Automatización,7532369913
114,Nester,Dorsey,Tecnología en Mecánica Industrial,6446900610
115,Jolynn,Pecey,Ingeniería en Telemática,2159680342
116,Sherlocke,Frome,Ingeniería Eléctrica,7447155113
117,Anneliese,Mateev,Ingeniería en Telemática,5796048861
118,Greta,Coppenhall,Ingeniería de Producción,6554258139
119,Portia,Thebe,Ingeniería en Telecomunicaciones,6345331864
120,Stirling,Arnely,Ingeniería en Telemática,1315808067
121,Thorn,Ramsbottom,Tecnología en Electrónica Industrial,2286185065
122,Graeme,Castanho,Ingeniería Eléctrica,1709470096
123,Lenci,Given,Ingeniería de Producción,6867173120
124,Pippy,Agates,Ingeniería en Control y Automatización,1573692024
125,Jaclyn,Hoyt,Ingeniería de Producción,1757099565
126,Neda,Kinnerk,Tecnología en Electrónica Industrial,1864218141
127,Ulberto,Kildea,Ingeniería Mecánica,6709293326
128,Keen,Vanyarkin,Tecnología en Construcciones Civiles,1293724656
129,Bettina,Lambeth,Ingeniería de Producción,8811901791
130,Erina,Greenig,Ingeniería Civil,7768908848
131,Hervey,Quaif,Otro,1179996258
132,Leia,Reavell,Tecnología en Gestión de la Producción Industrial,3878144458
133,Bobbee,Messom,Tecnología en Construcciones Civiles,4708430918
134,Ashlin,Dowdney,Ingeniería en Control y Automatización,9511654243
135,Nancee,Wadley,Ingeniería Mecánica,6458187051
136,Tully,Crilly,Ingeniería en Telecomunicaciones,7759772138
137,Ilaire,Gutteridge,Tecnología en Mecánica Industrial,6863938857
138,Zechariah,Braxton,Ingeniería Civil,4566878378
139,Greer,Phethean,Ingeniería de Producción,9424464756
140,Yvonne,McIan,Tecnología en Electrónica Industrial,3295833411
141,Holmes,Geary,Tecnología en Construcciones Civiles,7761308913
142,Vlad,Hedden,Tecnología en Gestión de la Producción Industrial,7171207122
143,Olly,Gyngyll,Ingeniería Mecánica,5275637048
144,Diena,Santon,Tecnología en Electrónica Industrial,4929927122
145,Doe,Jago,Ingeniería de Producción,5883963434
146,Tiebout,Titmus,Tecnología en Construcciones Civiles,2132756366
147,Flora,Ritmeyer,Tecnología en Electricidad de Media y Baja Tensión,1857726022
148,Judie,Kibel,Ingeniería Civil,1278311758
149,Maison,Sogg,Ingeniería de Producción,9158036520
150,Lockwood,Dolder,Ingeniería en Telemática,2773559984
151,Frederich,Gutridge,Ingeniería Eléctrica,4746136395
152,Fredek,Mitchinson,Ingeniería Mecánica,9994688965
153,Trixy,Beilby,Ingeniería de Producción,5278305886
154,Yvon,Duckels,Ingeniería en Control y Automatización,4419243536
155,Robers,Goacher,Tecnología en Mecánica Industrial,9011930979
156,Fidelity,Storek,Otro,7757781793
157,Halley,Plomer,Ingeniería en Telemática,6718957653
158,Christiana,Symcoxe,Ingeniería Mecánica,5503189805
159,Anderson,Jonathon,Ingeniería en Telecomunicaciones,6016586433
160,Gib,Licciardiello,Ingeniería Civil,3838725847
161,Collie,Yakolev,Ingeniería en Control y Automatización,1582663308
162,Corny,Leadstone,Ingeniería Eléctrica,9103723438
163,Gaylene,Handsheart,Tecnología en Mecánica Industrial,8318689694
164,Yovonnda,Habbershon,Tecnología en Construcciones Civiles,9899433166
165,Humfried,Seymark,Ingeniería en Control y Automatización,1004698848
166,Umeko,Getty,Ingeniería en Telemática,5615172335
167,Valerie,Facer,Tecnología en Gestión de la Producción Industrial,7602950495
168,Shannen,Battrick,Ingeniería en Control y Automatización,7732608474
169,Penny,Godball,Ingeniería Eléctrica,7506546560
170,Vonnie,Skews,Ingeniería de Producción,6413624200
171,Wallas,Odeson,Tecnología en Gestión de la Producción Industrial,5275115794
172,Diana,Carradice,Tecnología en Electricidad de Media y Baja Tensión,3491792318
173,Brittan,Leeb,Tecnología en Gestión de la Producción Industrial,7448369379
174,Chloette,Lamkin,Tecnología en Electricidad de Media y Baja Tensión,8749841813
175,Mommy,Vitte,Ingeniería en Control y Automatización,9238629060
176,Georgie,Turvie,Ingeniería de Producción,5821696988
177,Shell,Skeleton,Tecnología en Sistematización de Datos,3424092854
178,Emmalyn,Westfield,Tecnología en Electrónica Industrial,9394241442
179,Dimitri,Belone,Ingeniería en Telecomunicaciones,7139789362
180,Timothy,Van der Krui,Ingeniería en Telemática,3169532011
181,Vlad,Gipson,Ingeniería en Control y Automatización,2874515357
182,Georgeanna,Fright,Tecnología en Gestión de la Producción Industrial,6894139809
183,Judye,Leverich,Ingeniería Eléctrica,4756697800
184,Bernard,Kenwrick,Tecnología en Electrónica Industrial,6054830899
185,Gregorius,Abys,Tecnología en Construcciones Civiles,8293479857
186,Araldo,Stephen,Tecnología en Construcciones Civiles,8838495494
187,Florrie,Winders,Ingeniería en Telemática,4972983248
188,Randell,Doggart,Tecnología en Sistematización de Datos,9124062953
189,Elyn,Bisacre,Tecnología en Gestión de la Producción Industrial,9803068125
190,Jennifer,Udell,Tecnología en Electricidad de Media y Baja Tensión,8334606438
191,Jeana,Seakes,Tecnología en Electrónica Industrial,5383339219
192,Prue,Rodolfi,Ingeniería Civil,4328016401
193,Gnni,Menco,Ingeniería en Telemática,1597180246
194,Chaddie,Campelli,Ingeniería Civil,8303185209
195,Lian,Borell,Ingeniería en Telecomunicaciones,3283473497
196,Odette,Postlewhite,Ingeniería de Producción,9469201610
197,Myrilla,Wenden,Tecnología en Sistematización de Datos,5958676541
198,Morty,Matthieson,Ingeniería en Control y Automatización,5365495261
199,Culley,Hammill,Tecnología en Gestión de la Producción Industrial,8417816965
200,Josefina,Dyte,Tecnología en Construcciones Civiles,7029140055
201,Angelita,Meryett,Ingeniería Civil,5009729006
202,Tore,Fallis,Ingeniería en Telecomunicaciones,9616389840
203,Hermie,Foale,Ingeniería Eléctrica,6926959714
204,Latia,Lenihan,Tecnología en Construcciones Civiles,4425243595
205,Erv,Grundell,Otro,3485978911
206,Eba,O'Loughnan,Tecnología en Gestión de la Producción Industrial,1955116771
207,Viki,Spleving,Ingeniería de Producción,9181723259
208,Christoph,Wickman,Ingeniería en Control y Automatización,6835533539
209,Annecorinne,Oxteby,Otro,1116694461
210,Ame,Janc,Tecnología en Mecánica Industrial,2234463162
211,Chiarra,Idale,Tecnología en Construcciones Civiles,4532495673
212,Stoddard,Parradine,Tecnología en Electrónica Industrial,5198356494
213,Delaney,Petran,Ingeniería en Telecomunicaciones,6725295838
214,Ardine,Alves,Ingeniería de Producción,7747230022
215,Raffaello,Stroyan,Tecnología en Sistematización de Datos,6345356346
216,Lane,Giorgioni,Tecnología en Gestión de la Producción Industrial,7254134827
217,Kennett,Gerty,Tecnología en Sistematización de Datos,5699865869
218,Aymer,Gerritzen,Tecnología en Electrónica Industrial,3728132056
219,Easter,Seys,Tecnología en Gestión de la Producción Industrial,7325188185
220,Deidre,Dulanty,Otro,2379235672
221,Elfrida,Huntingford,Tecnología en Gestión de la Producción Industrial,8736186254
222,Donny,Breeze,Ingeniería de Producción,3014481735
223,Sashenka,Elson,Ingeniería de Producción,4025949863
224,Heidi,Leppington,Ingeniería Eléctrica,9311226907
225,Florina,Courcey,Tecnología en Electricidad de Media y Baja Tensión,3982484311
226,Daniel,Wheatman,Tecnología en Electrónica Industrial,7673366634
227,Manuel,Clissell,Ingeniería Mecánica,6811110453
228,Mandel,Sked,Ingeniería Civil,1137085325
229,Wendy,Bradnocke,Ingeniería en Telemática,3021779348
230,Adrea,Poetz,Ingeniería en Control y Automatización,4138812356
231,Miguel,Simmons,Otro,8122912516
232,Jerry,Altoft,Ingeniería Mecánica,4628689436
233,Raynor,Kadd,Otro,2414279406
234,Tomas,Jessup,Otro,7335591682
235,Shellie,Coppock.,Ingeniería de Producción,2004681034
236,Sabra,Laite,Ingeniería de Producción,8322930651
237,Dix,Ox,Tecnología en Sistematización de Datos,9971494314
238,Ase,Jouanot,Ingeniería en Telemática,1702647420
239,Ansell,Sevitt,Tecnología en Sistematización de Datos,8203586075
240,Traci,Maxwell,Tecnología en Electricidad de Media y Baja Tensión,4084240395
241,Eartha,Foxwell,Otro,2672278829
242,Nealon,Howlin,Tecnología en Sistematización de Datos,2061134587
243,Malia,Sawle,Tecnología en Sistematización de Datos,5506367796
244,Isidoro,Dahle,Ingeniería en Telemática,8142566491
245,Becca,Le Fevre,Ingeniería de Producción,1114493637
246,Odelinda,Bremmell,Ingeniería Mecánica,2598718373
247,Raquel,Simonot,Tecnología en Gestión de la Producción Industrial,3366820723
248,Rodrick,Gecke,Tecnología en Sistematización de Datos,6753225862
249,Annmaria,Balas,Tecnología en Construcciones Civiles,3787669463
250,Maury,Gosnold,Otro,6742607291
251,Tomaso,Grosier,Tecnología en Gestión de la Producción Industrial,2646057524
252,Cheri,Sharrem,Ingeniería en Telecomunicaciones,6054721145
253,Lars,Meeson,Ingeniería Mecánica,2803685258
254,Torrie,Skydall,Ingeniería Eléctrica,9302614782
255,Gale,Gothard,Ingeniería de Producción,4297504104
256,Patty,Whitwam,Tecnología en Electricidad de Media y Baja Tensión,5634183104
257,Roseanna,Tilly,Otro,6578960912
258,Garret,McLagan,Tecnología en Sistematización de Datos,6098528758
259,Oona,Pirrone,Tecnología en Gestión de la Producción Industrial,2025970930
260,Waylon,Belsey,Otro,7212869267
261,Felisha,Baudouin,Tecnología en Mecánica Industrial,6881306270
262,Joyous,Kellington,Tecnología en Electrónica Industrial,8185198609
263,Janessa,Cordaroy,Ingeniería en Control y Automatización,1467618780
264,Frederigo,Channer,Otro,2705726862
265,Joell,Sandal,Ingeniería de Producción,9922029835
266,Allan,Czapla,Ingeniería en Telecomunicaciones,4017882221
267,Carol,Forth,Tecnología en Gestión de la Producción Industrial,8032371768
268,Palm,Pittendreigh,Ingeniería Civil,1391533352
269,Renard,Gallifont,Tecnología en Construcciones Civiles,4488159293
270,Cart,Challiss,Ingeniería Mecánica,5375303104
271,Nevin,Adenot,Tecnología en Electricidad de Media y Baja Tensión,1783224349
272,Kelli,Jaumet,Ingeniería de Producción,7495032339
273,Ingrim,Swarbrigg,Ingeniería de Producción,9473481585
274,Martica,Mackett,Ingeniería Mecánica,4409679771
275,Noelani,Struss,Ingeniería en Control y Automatización,9856941561
276,Carolynn,Meader,Otro,6701957372
277,Ethan,Coggon,Tecnología en Mecánica Industrial,7837863282
278,Roderich,MacKenny,Ingeniería Civil,5326945044
279,Dode,Selbach,Tecnología en Mecánica Industrial,6169019466
280,Layne,Evamy,Otro,2123992884
281,Mallissa,McMinn,Tecnología en Gestión de la Producción Industrial,5016697520
282,Ettie,Selly,Tecnología en Gestión de la Producción Industrial,9967785529
283,Wyatan,Cordell,Ingeniería Eléctrica,4264463162
284,Teirtza,Grey,Otro,3313250664
285,Damara,Hamflett,Ingeniería de Producción,4302237401
286,Ivette,Groneway,Tecnología en Sistematización de Datos,7162877443
287,Elysia,MacIntosh,Tecnología en Electricidad de Media y Baja Tensión,3471652960
288,Dolorita,Broinlich,Ingeniería en Control y Automatización,9771079391
289,Micaela,Roughey,Tecnología en Mecánica Industrial,6417490825
290,Ignaz,Maymand,Tecnología en Construcciones Civiles,1027789758
291,Dorie,Dufaur,Tecnología en Construcciones Civiles,4348393789
292,Rois,Reijmers,Tecnología en Construcciones Civiles,1943776590
293,Adler,Corden,Tecnología en Construcciones Civiles,4753590748
294,Bell,Polak,Ingeniería en Telecomunicaciones,8423349683
295,Berty,Paynter,Ingeniería Eléctrica,3611288977
296,Tiffi,Malam,Tecnología en Sistematización de Datos,2324551431
297,Samson,Pawelczyk,Ingeniería Eléctrica,4103480290
298,Bronny,Brockman,Tecnología en Electricidad de Media y Baja Tensión,4246065369
299,Berni,Kerwood,Tecnología en Sistematización de Datos,9918792224
300,Julita,Semper,Ingeniería Eléctrica,3776018082
301,Christin,Gillott,Ingeniería de Producción,8046149506
302,Francis,Sabberton,Otro,1216358329
303,Valdemar,Sworne,Ingeniería en Telemática,7774970406
304,Zeke,Rue,Ingeniería Eléctrica,4707975861
305,Edythe,Barge,Tecnología en Gestión de la Producción Industrial,7684901726
306,Kimbra,Tomkinson,Ingeniería Eléctrica,3417430792
307,Nadya,Corstan,Tecnología en Gestión de la Producción Industrial,9674533385
308,Hamilton,Beyn,Ingeniería en Telemática,8422056496
309,Gerta,Danelut,Tecnología en Mecánica Industrial,4075982991
310,Annamaria,Thunnercliff,Tecnología en Electricidad de Media y Baja Tensión,3953305794
311,Cortie,O' Byrne,Ingeniería Eléctrica,4451107257
312,Keelia,Baynam,Otro,8263290645
313,Holli,Beauvais,Tecnología en Construcciones Civiles,3148825685
314,Rusty,Pilmore,Ingeniería en Telecomunicaciones,6253280561
315,Rusty,Lyston,Ingeniería Eléctrica,9774418972
316,Perle,Ziebart,Otro,8296536508
317,Stephanie,Romanetti,Ingeniería Mecánica,9982942999
318,Ray,Pizzey,Tecnología en Construcciones Civiles,6647514376
319,Waylon,Castell,Ingeniería en Control y Automatización,4255701781
320,Forest,Kniveton,Tecnología en Mecánica Industrial,4037356939
321,Kristin,Terbrugge,Tecnología en Sistematización de Datos,9359730842
322,Sheilakathryn,Andriss,Ingeniería en Telemática,3284839934
323,Jacqui,Burnip,Tecnología en Mecánica Industrial,5588302644
324,Sheryl,Schulter,Ingeniería de Producción,7445007206
325,Gretchen,Timbridge,Otro,3284870276
326,Bobinette,Tilbury,Tecnología en Sistematización de Datos,7735359886
327,Stanislaw,Swancott,Tecnología en Electricidad de Media y Baja Tensión,1508462716
328,Edithe,Ruggieri,Tecnología en Construcciones Civiles,3542981508
329,Amata,Beminster,Ingeniería en Telemática,4432216045
330,Fritz,Melarkey,Tecnología en Sistematización de Datos,7609703970
331,Brandi,Illston,Ingeniería de Producción,6208558199
332,Ramon,Storres,Ingeniería Mecánica,3634289159
333,Ivar,O'Sheerin,Tecnología en Electrónica Industrial,6316951928
334,Vitoria,Nicklen,Ingeniería de Producción,5412601175
335,Shelba,Helleker,Ingeniería Civil,1485130589
336,Alexandr,Northin,Tecnología en Electrónica Industrial,4892447290
337,Jessa,Attenbarrow,Tecnología en Gestión de la Producción Industrial,5534004872
338,Christin,Gayle,Tecnología en Sistematización de Datos,6753164403
339,Hatty,Bretland,Tecnología en Electrónica Industrial,4046469141
340,Hillard,Plowman,Tecnología en Electricidad de Media y Baja Tensión,2548133641
341,Karissa,Wrist,Tecnología en Mecánica Industrial,6459494424
342,Rebecca,Judge,Ingeniería Eléctrica,9909504778
343,Horatius,Duce,Ingeniería en Telemática,1676436142
344,Rochella,Lage,Tecnología en Construcciones Civiles,4507901623
345,Eulalie,Wooff,Tecnología en Sistematización de Datos,3942628051
346,Jermaine,Devenport,Ingeniería Eléctrica,9312794935
347,Blisse,Gomersall,Tecnología en Construcciones Civiles,5548873005
348,Adelind,Markham,Ingeniería Eléctrica,7787862581
349,North,Gladding,Ingeniería Eléctrica,1461021501
350,Kessia,Walburn,Ingeniería en Control y Automatización,9515362477
351,Dedra,Parfrey,Ingeniería Eléctrica,2741745249
352,Margarete,Andrault,Tecnología en Mecánica Industrial,1676868445
353,Diannne,Legister,Tecnología en Construcciones Civiles,5022513942
354,Riobard,Moubray,Tecnología en Gestión de la Producción Industrial,8698352141
355,Odie,De Stoop,Ingeniería Eléctrica,2478089759
356,Lindon,Mingey,Ingeniería Eléctrica,8086391252
357,Elvira,Wigan,Ingeniería Mecánica,4182359680
358,Steffen,Winnard,Ingeniería en Telecomunicaciones,3121988074
359,Mel,Boother,Tecnología en Sistematización de Datos,3622366918
360,Jarrod,Thaim,Ingeniería Mecánica,4726404664
361,Vonni,Chestnut,Tecnología en Electricidad de Media y Baja Tensión,3347397218
362,Adelina,Tassell,Ingeniería de Producción,5485826708
363,Mort,Milson,Tecnología en Sistematización de Datos,4459834345
364,Tyne,Hadlington,Ingeniería en Telecomunicaciones,3344129843
365,Lyndsie,Merry,Ingeniería en Control y Automatización,3152399523
366,Murvyn,Eaken,Ingeniería Civil,2256900643
367,Urson,Balle,Ingeniería en Control y Automatización,3012209651
368,Lanna,Figure,Tecnología en Sistematización de Datos,4006102770
369,Nat,Larimer,Ingeniería Mecánica,7832007495
370,Beatrisa,Neville,Ingeniería en Telemática,5822381404
371,Izak,Betjes,Tecnología en Sistematización de Datos,8833559550
372,Averil,McLevie,Otro,3478188798
373,Neilla,Durtnal,Tecnología en Construcciones Civiles,5832949813
374,Sophey,Gannicott,Otro,2215182523
375,Mirella,Franklyn,Otro,9477902773
376,Torrey,St Quenin,Ingeniería Mecánica,8445351478
377,Loree,Skilbeck,Ingeniería Eléctrica,6514688972
378,Levy,Euston,Tecnología en Electricidad de Media y Baja Tensión,5672551422
379,Aeriel,Tanti,Ingeniería Eléctrica,1576626583
380,Michal,Aymeric,Tecnología en Mecánica Industrial,3132000307
381,Maximilien,Ashcroft,Tecnología en Sistematización de Datos,8177340288
382,Nerita,Tilston,Ingeniería en Telemática,7666835705
383,Ferdinand,Malin,Tecnología en Gestión de la Producción Industrial,7169325916
384,Rockie,Marzelo,Tecnología en Mecánica Industrial,8853322686
385,Rosanna,Wadworth,Tecnología en Mecánica Industrial,4851223502
386,Kai,Greenshiels,Tecnología en Construcciones Civiles,6213744144
387,Ashely,Quadling,Ingeniería en Telemática,4615555696
388,Gerta,Crasswell,Tecnología en Construcciones Civiles,9172783590
389,Johnathan,Handrik,Ingeniería Civil,7203108881
390,Clarke,Mulvaney,Otro,7909655537
391,Jourdain,Columbell,Ingeniería de Producción,7841592099
392,Zaneta,Melrose,Tecnología en Sistematización de Datos,1521128988
393,Bettina,Kenyam,Tecnología en Gestión de la Producción Industrial,3872121367
394,Salomone,Ceillier,Ingeniería en Telecomunicaciones,7275590206
395,Roy,Maton,Ingeniería de Producción,2153991973
396,Reinhold,Shermore,Tecnología en Mecánica Industrial,1977465130
397,Felike,Thorne,Otro,5308405674
398,Abra,Sweet,Ingeniería Civil,5467704327
399,Gibbie,Matley,Tecnología en Sistematización de Datos,1377532712
400,Lianne,Radage,Tecnología en Mecánica Industrial,9241505360
401,Deane,Nodin,Ingeniería en Telemática,6154461957
402,Doe,Christal,Tecnología en Sistematización de Datos,7983223040
403,Indira,Annes,Tecnología en Construcciones Civiles,5813134533
404,Hillary,Stockoe,Tecnología en Sistematización de Datos,7822124535
405,Petrina,Bouts,Ingeniería en Control y Automatización,9565021320
406,Minda,Hacquel,Ingeniería en Telemática,4781021010
407,Janeta,Loverock,Ingeniería en Telemática,3413986137
408,Dionisio,Yashnov,Tecnología en Sistematización de Datos,3374399870
409,Rossy,Seath,Ingeniería Mecánica,5564594553
410,Kiley,Durning,Tecnología en Sistematización de Datos,8357233181
411,Dyna,Phinnessy,Ingeniería Civil,9425429232
412,Micheline,Vogt,Ingeniería Mecánica,2467198576
413,Moises,Rodgerson,Tecnología en Electricidad de Media y Baja Tensión,7113495943
414,Mindy,Jakobssen,Tecnología en Mecánica Industrial,6836505304
415,Griswold,Graffham,Tecnología en Sistematización de Datos,2477729126
416,Ambrosius,MacCahee,Ingeniería en Control y Automatización,5505529398
417,Marion,Duffrie,Tecnología en Electrónica Industrial,7576875893
418,Correy,Lavens,Ingeniería en Control y Automatización,6367915974
419,Ferguson,Breeton,Otro,4055193518
420,Camel,McCullum,Otro,2999264729
421,Robena,McNamara,Otro,4474646419
422,Towny,MacKill,Ingeniería de Producción,4142387779
423,Timoteo,Flanaghan,Otro,2953521299
424,Wheeler,Curtiss,Ingeniería en Telecomunicaciones,7358638218
425,Omero,Stonary,Tecnología en Gestión de la Producción Industrial,3488924690
426,Yancey,Farloe,Tecnología en Gestión de la Producción Industrial,8674858997
427,Jodie,D'Alessio,Ingeniería de Producción,2187758348
428,Mollee,Durtnall,Ingeniería en Telemática,9754740681
429,Philip,Shelley,Ingeniería en Telemática,9753920698
430,Orel,Thurby,Tecnología en Gestión de la Producción Industrial,2937822545
431,Saidee,Tarver,Tecnología en Gestión de la Producción Industrial,7784630629
432,Deva,Jahnig,Tecnología en Construcciones Civiles,8887561178
433,Wally,Truscott,Ingeniería Civil,9395208437
434,Trude,Briscow,Ingeniería en Control y Automatización,4774590685
435,Caleb,Goodlad,Otro,3668349283
436,Cleve,Hirthe,Tecnología en Electrónica Industrial,5259663204
437,Jess,Landis,Tecnología en Sistematización de Datos,7017798490
438,Jerald,Tansley,Tecnología en Electrónica Industrial,2634293839
439,Ross,Blenkinsopp,Ingeniería de Producción,7952822398
440,Hayes,Slator,Tecnología en Mecánica Industrial,3494231699
441,Egbert,Emanulsson,Ingeniería Eléctrica,7959507053
442,Pamelina,Lazell,Tecnología en Electrónica Industrial,4594304341
443,Albertina,Mathias,Ingeniería de Producción,3536358937
444,Ervin,Conduit,Ingeniería en Telecomunicaciones,5499003289
445,Wenonah,Roland,Ingeniería en Control y Automatización,4156115391
446,Correna,Wandrich,Ingeniería en Control y Automatización,1619394318
447,Frank,Ashling,Otro,6508911322
448,Corilla,Ropert,Ingeniería de Producción,3233709368
449,Godfry,Stratton,Tecnología en Mecánica Industrial,7484876888
450,Helene,Absolem,Tecnología en Construcciones Civiles,9156720718
451,Fawne,Turgoose,Tecnología en Sistematización de Datos,7113605601
452,Kennie,Reubens,Ingeniería Civil,8925394334
453,Blakeley,Habberjam,Tecnología en Construcciones Civiles,7726069957
454,Geri,Tinwell,Ingeniería en Telecomunicaciones,6649825608
455,Derek,Maidens,Ingeniería en Control y Automatización,3806443938
456,Allister,Whistance,Otro,6583974829
457,Bernardo,Compson,Tecnología en Electricidad de Media y Baja Tensión,3415266491
458,Rudie,Grason,Ingeniería en Control y Automatización,7111489154
459,Calhoun,Hacquel,Tecnología en Gestión de la Producción Industrial,8265125636
460,Bibi,Ody,Ingeniería Eléctrica,1657710798
461,Elmore,Durno,Tecnología en Electrónica Industrial,3538402607
462,Christophorus,McIlvenna,Tecnología en Electricidad de Media y Baja Tensión,8227521405
463,Delmore,Probate,Otro,3447920426
464,Bevvy,Polamontayne,Tecnología en Mecánica Industrial,8349335842
465,Norry,Worham,Tecnología en Electrónica Industrial,4381502085
466,Darby,Rouch,Tecnología en Electricidad de Media y Baja Tensión,9997039880
467,Denver,Giannasi,Ingeniería Civil,7627615249
468,Federica,Karim,Ingeniería Civil,2485435048
469,Kettie,Smart,Tecnología en Sistematización de Datos,5561391352
470,Janean,Bowick,Ingeniería en Control y Automatización,7634027626
471,North,McKimm,Ingeniería en Control y Automatización,1493409895
472,Jamie,Beavon,Ingeniería de Producción,1801791984
473,Megan,Thon,Tecnología en Electrónica Industrial,8537292540
474,Rees,McCloughlin,Ingeniería Mecánica,5871759062
475,Richardo,Shallcrass,Ingeniería en Control y Automatización,5748332985
476,Jeremy,Sunley,Tecnología en Sistematización de Datos,2514886967
477,Denys,Hillatt,Ingeniería en Control y Automatización,5212203361
478,Modestia,Stych,Tecnología en Mecánica Industrial,7575177076
479,Clemens,Sink,Ingeniería en Telecomunicaciones,5664831368
480,Pauly,Vannah,Tecnología en Electricidad de Media y Baja Tensión,9638494757
481,Ferdie,Geldart,Ingeniería Mecánica,3892765980
482,Adrea,Hillam,Ingeniería en Control y Automatización,9393311431
483,Keslie,Wrigley,Otro,6725085662
484,Bartram,Wapol,Tecnología en Construcciones Civiles,7112205795
485,Giff,Dimock,Tecnología en Construcciones Civiles,1463697567
486,Gillan,Melly,Otro,6729433916
487,Ellery,Parkyns,Tecnología en Gestión de la Producción Industrial,6714394169
488,Omero,Macari,Ingeniería Eléctrica,1417962573
489,Gabrielle,StangGjertsen,Ingeniería Mecánica,7676202160
490,Oralla,Blunderfield,Ingeniería de Producción,2838876088
491,Annecorinne,Arter,Ingeniería Mecánica,8235909600
492,Alika,Droogan,Ingeniería en Control y Automatización,7207410124
493,Papageno,Sturman,Ingeniería de Producción,3187754863
494,Nester,Bullerwell,Ingeniería en Control y Automatización,2604180044
495,Melisse,Avraham,Tecnología en Gestión de la Producción Industrial,2402981400
496,Selia,Yancey,Ingeniería en Telecomunicaciones,1355631807
497,Kermie,Desquesnes,Tecnología en Sistematización de Datos,1763180131
498,Tedi,Edworthie,Ingeniería Eléctrica,4395110141
499,Bria,Velez,Ingeniería en Control y Automatización,7907241229
500,Kore,Ioan,Ingeniería Civil,7194493260
501,Gan,Abramson,Tecnología en Electricidad de Media y Baja Tensión,6247517491
502,Bill,Wycherley,Ingeniería en Telecomunicaciones,3874010026
503,Toma,Christopherson,Tecnología en Sistematización de Datos,2471944035
504,Teddie,Philipson,Ingeniería en Telecomunicaciones,7495090268
505,Vergil,Priestland,Ingeniería en Control y Automatización,5477251737
506,Wilburt,Klausen,Tecnología en Sistematización de Datos,5498346500
507,Romola,Westberg,Otro,1166912299
508,Cyrill,Newitt,Ingeniería Mecánica,3907468591
509,Horten,Voyce,Tecnología en Sistematización de Datos,2199478991
510,Gene,Thorington,Tecnología en Sistematización de Datos,8169451149
511,Lock,Dunlap,Otro,4253419481
512,Kissie,Oxtaby,Ingeniería de Producción,2742706254
513,Claire,Tick,Otro,4097378359
514,Zachary,Stoeck,Ingeniería Mecánica,2182446330
515,Davida,Moiser,Ingeniería de Producción,9986359475
516,Magda,Van Leijs,Ingeniería en Control y Automatización,2543394236
517,Antoni,Moland,Ingeniería Civil,8572375912
518,Carce,Budgen,Ingeniería Civil,9092304096
519,Roger,Tinsley,Tecnología en Electricidad de Media y Baja Tensión,3496710356
520,Benni,Belliss,Ingeniería en Telemática,2005507443
521,Melinda,Siely,Tecnología en Electrónica Industrial,9484885371
522,Lars,Loton,Tecnología en Gestión de la Producción Industrial,7555806194
523,Beaufort,Petroulis,Ingeniería Mecánica,2977056743
524,Orlan,Stit,Ingeniería en Telecomunicaciones,6148383898
525,Kassia,Gabbot,Ingeniería en Control y Automatización,7148834924
526,Kristo,McClosh,Ingeniería en Telemática,3131476419
527,Leonid,Ginnelly,Ingeniería en Telemática,7843182148
528,Franky,Skirvin,Ingeniería en Telemática,8289632115
529,Zebedee,Peebles,Tecnología en Gestión de la Producción Industrial,4995226805
530,Allyson,Cardenas,Ingeniería en Telecomunicaciones,9022170225
531,Nial,Brimm,Ingeniería Eléctrica,7971588183
532,Bertie,Hedingham,Tecnología en Gestión de la Producción Industrial,2164672838
533,Christalle,Coraini,Ingeniería Eléctrica,6163988268
534,Benito,Breyt,Ingeniería Eléctrica,4693026530
535,Chiarra,Girone,Tecnología en Sistematización de Datos,1522987604
536,Garrek,Lappine,Ingeniería en Telecomunicaciones,7566323770
537,Camilla,Lethby,Ingeniería en Control y Automatización,1118770473
538,Katleen,Brolly,Tecnología en Gestión de la Producción Industrial,9791982890
539,Rosalia,Fooks,Tecnología en Mecánica Industrial,1914861678
540,Pennie,Ault,Ingeniería Civil,6698609813
541,Way,Lissaman,Tecnología en Electrónica Industrial,5487897614
542,Gun,Waye,Tecnología en Sistematización de Datos,4388369141
543,Bridie,Axtens,Ingeniería en Control y Automatización,1713171183
544,Fanni,Measures,Ingeniería Mecánica,8385958687
545,Rubetta,Cowell,Ingeniería de Producción,3077424729
546,Burl,Jackman,Tecnología en Mecánica Industrial,6355003564
547,Carina,Ballentime,Tecnología en Electricidad de Media y Baja Tensión,1036478916
548,Joann,Benner,Ingeniería Mecánica,9705869305
549,Dina,Patterfield,Otro,8623685772
550,Ailene,Klejin,Tecnología en Gestión de la Producción Industrial,5215001130
551,Domeniga,Rewcastle,Tecnología en Sistematización de Datos,5297090476
552,Dolph,Feveryear,Tecnología en Mecánica Industrial,2125917270
553,Cornelle,Shafe,Tecnología en Construcciones Civiles,4049543362
554,Bendick,Dannehl,Tecnología en Gestión de la Producción Industrial,7972317887
555,Marylee,Lettsom,Ingeniería en Control y Automatización,9183617995
556,Yoshi,Kulver,Tecnología en Mecánica Industrial,1763549757
557,Pierre,Noonan,Tecnología en Construcciones Civiles,4662766496
558,Lissi,Evenett,Tecnología en Mecánica Industrial,3431708542
559,Hilary,Sanbrooke,Otro,8425192527
560,Luelle,Marritt,Ingeniería de Producción,2479947515
561,Luelle,Landrieu,Tecnología en Electrónica Industrial,6909181127
562,Skell,Orrin,Ingeniería de Producción,3615939980
563,Skipp,Brambill,Ingeniería Eléctrica,4993729352
564,Mira,Chattoe,Ingeniería en Control y Automatización,4925026434
565,Thia,Wordsley,Ingeniería Civil,7224948677
566,Ermengarde,Braikenridge,Tecnología en Electricidad de Media y Baja Tensión,2953568145
567,Kendra,De Mattei,Ingeniería en Telecomunicaciones,5412104260
568,Gay,Hacquel,Ingeniería en Control y Automatización,6728063263
569,Gauthier,Hadleigh,Tecnología en Electricidad de Media y Baja Tensión,6403631379
570,Melisse,Duval,Ingeniería en Telecomunicaciones,9008504311
571,Elissa,Lyes,Ingeniería de Producción,5684924870
572,Alexei,Cowey,Ingeniería en Telemática,8097139311
573,Dolf,Woloschin,Otro,3019276101
574,Francisca,Wesker,Ingeniería Eléctrica,7246039291
575,Karmen,Colston,Ingeniería en Control y Automatización,7358218560
576,Jannelle,Tugman,Tecnología en Mecánica Industrial,8741480962
577,Aldo,Le Franc,Tecnología en Electrónica Industrial,4619069784
578,Christine,MacInerney,Tecnología en Mecánica Industrial,5417380444
579,Lionel,Saulter,Ingeniería en Telemática,3446511979
580,Steffen,Tadd,Ingeniería de Producción,9903814655
581,Danya,Fiddeman,Otro,7492230591
582,Sophia,Probyn,Ingeniería Eléctrica,9559931873
583,Farra,Gozzard,Tecnología en Sistematización de Datos,4867089453
584,Marisa,Yurenin,Ingeniería en Control y Automatización,9082201769
585,Vinnie,Rohloff,Ingeniería de Producción,7267976984
586,Tedmund,Luetkemeyer,Otro,1837721393
587,Rebeca,Del Monte,Tecnología en Electricidad de Media y Baja Tensión,5847905391
588,Elia,Swansborough,Ingeniería en Telemática,9966928838
589,Jillane,Tynemouth,Tecnología en Gestión de la Producción Industrial,4217391430
590,Kaitlin,Crumly,Ingeniería en Control y Automatización,2088201342
591,Maxy,Patterson,Tecnología en Electrónica Industrial,3289564407
592,Joby,Avey,Tecnología en Sistematización de Datos,1841907679
593,Karney,O' Concannon,Tecnología en Mecánica Industrial,8483259328
594,Robbie,Petras,Tecnología en Sistematización de Datos,1392078455
595,Gregorius,Yaknov,Ingeniería en Telecomunicaciones,3236799450
596,Perry,Bastiman,Tecnología en Gestión de la Producción Industrial,4645176865
597,Georgeanna,Trencher,Tecnología en Mecánica Industrial,4955844541
598,Estell,Alessandretti,Ingeniería en Telemática,8235597573
599,Delora,Sporton,Ingeniería de Producción,6305379889
600,Burr,Baish,Otro,1609904352
601,Fifi,Willgress,Ingeniería en Telecomunicaciones,4702848514
602,Idaline,Gross,Tecnología en Mecánica Industrial,4421170981
603,Heindrick,Wyeth,Tecnología en Gestión de la Producción Industrial,3693195848
604,Tasha,Marder,Ingeniería en Telemática,4078993098
605,Vale,Jelley,Tecnología en Sistematización de Datos,6919852670
606,Gayelord,O'Doran,Otro,4791892202
607,Hyacinthia,Eustes,Ingeniería Mecánica,9151951516
608,Blinny,Labrum,Otro,9584902556
609,Arlinda,Coath,Ingeniería Mecánica,9492670371
610,Ilario,Duinbleton,Tecnología en Construcciones Civiles,9134986295
611,Dorthy,Harg,Ingeniería Civil,5419083004
612,Ransom,Wayt,Ingeniería Eléctrica,9573547858
613,Shela,Landsbury,Tecnología en Electrónica Industrial,8907606444
614,Stephi,Wadhams,Tecnología en Mecánica Industrial,6387891368
615,Shawn,Esley,Ingeniería Eléctrica,6278102900
616,Raychel,Orsay,Tecnología en Construcciones Civiles,9832492614
617,Alain,Jaquiss,Ingeniería de Producción,1633266468
618,Antons,Blais,Tecnología en Electricidad de Media y Baja Tensión,6316944808
619,Lulita,Daintith,Tecnología en Construcciones Civiles,2838896365
620,Florella,Sutherel,Tecnología en Gestión de la Producción Industrial,9718455530
621,Herve,Mabe,Tecnología en Sistematización de Datos,7253572476
622,Milty,Ambage,Ingeniería en Control y Automatización,4049114798
623,Jazmin,Pennicott,Ingeniería Civil,9075486694
624,Keene,Rawstron,Ingeniería Mecánica,1271758297
625,Madelle,Dubbin,Ingeniería en Control y Automatización,7337348254
626,Bryana,Volant,Ingeniería en Control y Automatización,8346347161
627,Trumaine,Williscroft,Ingeniería en Telemática,4498524892
628,Teodoor,HydeChambers,Ingeniería en Telemática,8671465717
629,Domeniga,Lassells,Ingeniería en Telemática,5337337998
630,Kalie,Primo,Tecnología en Mecánica Industrial,1706563639
631,Amos,Immins,Tecnología en Construcciones Civiles,8984378823
632,Brady,Jon,Ingeniería en Control y Automatización,5723569254
633,Arvie,Missenden,Tecnología en Mecánica Industrial,2385616211
634,Drusy,Bulcock,Tecnología en Electricidad de Media y Baja Tensión,4429069358
635,Luigi,Boteman,Ingeniería en Telecomunicaciones,9036719955
636,Cody,Buggy,Ingeniería de Producción,8491615753
637,Selene,Vasyutochkin,Ingeniería Mecánica,7288496660
638,Lianna,Lipp,Otro,6901944857
639,Roobbie,MacGrath,Ingeniería en Telemática,8399982306
640,Rickert,Duerdin,Ingeniería en Telemática,4221164632
641,Noellyn,Vedenichev,Tecnología en Electricidad de Media y Baja Tensión,9974151885
642,Zane,Stolte,Ingeniería Eléctrica,5779106506
643,Adore,Shuttleworth,Otro,6027244252
644,Codie,Kitchen,Tecnología en Construcciones Civiles,2026810102
645,Gauthier,Becarra,Tecnología en Mecánica Industrial,9995212141
646,Craggie,Clousley,Ingeniería Eléctrica,6157117608
647,Colan,Skae,Tecnología en Electrónica Industrial,3905395152
648,Renato,Hammonds,Otro,9204459053
649,Rodolphe,Phlippi,Tecnología en Construcciones Civiles,2862468230
650,Leigh,Tue,Ingeniería Civil,8006237482
651,Tootsie,McCrachen,Tecnología en Gestión de la Producción Industrial,6357164647
652,June,Larkkem,Ingeniería en Telecomunicaciones,5239761566
653,Matias,Martellini,Tecnología en Gestión de la Producción Industrial,8323702244
654,Kelci,Ashling,Otro,7783707998
655,Eulalie,Lithgow,Ingeniería en Control y Automatización,9548325300
656,Rockey,Bragge,Otro,6957076516
657,Leona,Belitz,Ingeniería de Producción,8707266861
658,Kellina,Nijssen,Ingeniería en Telecomunicaciones,3456500084
659,Seward,Tritton,Otro,4271976060
660,Ferdinand,Cockrem,Tecnología en Mecánica Industrial,7877389629
661,Brewster,Gobeau,Tecnología en Electrónica Industrial,1502217603
662,Pegeen,Gensavage,Tecnología en Mecánica Industrial,1804402234
663,Cele,Pavolillo,Tecnología en Construcciones Civiles,9976698381
664,Noami,Jaime,Ingeniería en Control y Automatización,2185411793
665,Drucy,Brierton,Tecnología en Construcciones Civiles,7886982952
666,Penni,Tudge,Ingeniería Eléctrica,5371702143
667,Neall,Doonican,Otro,2219458485
668,Yancey,Witard,Tecnología en Electrónica Industrial,5727634082
669,Sharia,Gannon,Ingeniería en Telemática,1284656236
670,Sybille,Fouracres,Ingeniería de Producción,8466710702
671,Skye,Sidebotham,Tecnología en Construcciones Civiles,1095547697
672,Candida,Pahler,Tecnología en Sistematización de Datos,9632196263
673,Angelique,Kendall,Tecnología en Electricidad de Media y Baja Tensión,3056056655
674,Mano,Prenty,Ingeniería en Telemática,3883793755
675,Olga,Linsey,Ingeniería en Control y Automatización,4907392259
676,Jane,Sandilands,Tecnología en Electrónica Industrial,5031102625
677,Dode,Pennell,Ingeniería en Telecomunicaciones,4637001393
678,Bunnie,Vedyashkin,Tecnología en Electricidad de Media y Baja Tensión,8062538745
679,Nevile,Tyer,Ingeniería en Telecomunicaciones,6516358788
680,Gabbey,Unthank,Ingeniería en Telemática,1813004044
681,Elane,Tatford,Ingeniería Mecánica,3835201907
682,Lance,Renish,Ingeniería en Telemática,3044041521
683,Franni,Halloran,Ingeniería en Telemática,3656449611
684,Dieter,Gibling,Ingeniería en Telemática,6615661659
685,Iosep,Gadault,Ingeniería en Telemática,9847921240
686,Edy,Prestedge,Tecnología en Sistematización de Datos,5297014230
687,Caroljean,Quincee,Ingeniería en Control y Automatización,1163553786
688,Martha,Pashe,Tecnología en Sistematización de Datos,5722016923
689,Claude,Seabright,Tecnología en Electrónica Industrial,7777014221
690,Yasmin,Tolland,Tecnología en Construcciones Civiles,8636909871
691,Tabby,Agent,Tecnología en Electricidad de Media y Baja Tensión,8664957344
692,Clifford,Lawrence,Ingeniería en Telecomunicaciones,3444984149
693,Julietta,Mears,Tecnología en Electricidad de Media y Baja Tensión,9563553384
694,Willi,Gammett,Ingeniería en Control y Automatización,9138155707
695,Elisabeth,Aslum,Tecnología en Construcciones Civiles,7428763257
696,Emeline,Sotheron,Ingeniería en Telemática,8963745044
697,Kerwinn,Wyer,Tecnología en Electricidad de Media y Baja Tensión,9813477412
698,Shaylyn,Derx,Ingeniería de Producción,9646622275
699,Alyssa,Pymar,Tecnología en Sistematización de Datos,5327968985
700,Kaylil,Boulds,Ingeniería en Telecomunicaciones,2058286664
701,Roxane,Tatem,Ingeniería de Producción,9079908569
702,Lonny,Mattiato,Tecnología en Electrónica Industrial,7609771734
703,Rosette,Flaune,Ingeniería en Telecomunicaciones,8009925843
704,Aleda,Behagg,Ingeniería Mecánica,2172297538
705,Ronda,Linturn,Otro,1117679226
706,Odella,Andretti,Tecnología en Electrónica Industrial,2347232125
707,Klarika,Sirey,Ingeniería Mecánica,8279336574
708,Philipa,Durrad,Tecnología en Electricidad de Media y Baja Tensión,1219884436
709,Charil,MacDermid,Ingeniería en Control y Automatización,9297811177
710,Tamarra,Bartolomucci,Ingeniería Eléctrica,4395266461
711,Ferguson,Sikorsky,Ingeniería Mecánica,6726500613
712,Pierrette,Manueau,Tecnología en Mecánica Industrial,1483831696
713,Nerti,Hawk,Tecnología en Electricidad de Media y Baja Tensión,2827198047
714,Waverly,Wyman,Ingeniería Mecánica,1849964865
715,Cari,Breedy,Ingeniería en Control y Automatización,5686531708
716,Laird,Lundon,Otro,1501605752
717,Charleen,Taree,Ingeniería Eléctrica,7616645959
718,Olimpia,Waterman,Tecnología en Electricidad de Media y Baja Tensión,9586159160
719,Patsy,Murrigan,Ingeniería Mecánica,5849399166
720,Bennett,Rodnight,Ingeniería en Telecomunicaciones,7172127151
721,Charles,Proudman,Ingeniería Eléctrica,6272969126
722,Boy,Heap,Ingeniería de Producción,7196394645
723,Mirna,Martonfi,Otro,3308673654
724,Kelley,Hanscomb,Tecnología en Mecánica Industrial,7728307773
725,Bernardine,Kloss,Tecnología en Gestión de la Producción Industrial,3785499597
726,Jana,Nolte,Tecnología en Electricidad de Media y Baja Tensión,8939419047
727,Linnell,Gerhts,Ingeniería en Telecomunicaciones,9858987692
728,Talya,Sabbins,Tecnología en Mecánica Industrial,6256690709
729,Kerianne,Boreland,Tecnología en Electricidad de Media y Baja Tensión,5438818336
730,Mari,Surby,Ingeniería Civil,4437510466
731,Neil,Marsden,Tecnología en Electrónica Industrial,1446716534
732,Petr,Yakunin,Tecnología en Electricidad de Media y Baja Tensión,3818548075
733,Vita,Piche,Ingeniería de Producción,3998856672
734,Godiva,Portt,Ingeniería de Producción,5492230125
735,Sybyl,Latimer,Tecnología en Construcciones Civiles,1065071132
736,Jefferson,Pleavin,Tecnología en Electricidad de Media y Baja Tensión,5784608035
737,Berty,Hartshorne,Otro,8765555539
738,Tedda,Kendell,Ingeniería de Producción,8843491650
739,Giulietta,Graalmans,Ingeniería Eléctrica,7017508885
740,Kimberley,de Clercq,Ingeniería Civil,8582328171
741,Shepard,Rouzet,Ingeniería de Producción,3028648915
742,Uriel,Ferreres,Tecnología en Gestión de la Producción Industrial,8635648061
743,Ellerey,Warlock,Tecnología en Mecánica Industrial,9657398081
744,Mariam,Bowgen,Tecnología en Mecánica Industrial,8783610080
745,Frank,Cawcutt,Tecnología en Electricidad de Media y Baja Tensión,9173928866
746,Artus,Gookes,Ingeniería Civil,7633536580
747,Jacobo,Hynson,Ingeniería Eléctrica,3312003641
748,Shir,Grand,Tecnología en Gestión de la Producción Industrial,2379267806
749,Audi,Rizzotto,Ingeniería de Producción,7106946458
750,Terrill,Penhall,Tecnología en Electrónica Industrial,6506430482
751,Cindy,Chaffer,Ingeniería en Telecomunicaciones,4881969816
752,Dolph,Kaliszewski,Otro,4642708399
753,Shirline,Bredgeland,Tecnología en Mecánica Industrial,6868239913
754,Emlynne,Gergus,Ingeniería de Producción,8705736727
755,Edin,Tout,Ingeniería en Telecomunicaciones,3742009549
756,Ephrem,McKirdy,Ingeniería Mecánica,2183327530
757,Krystle,Penniell,Ingeniería Civil,2755888358
758,Steven,Copcote,Ingeniería de Producción,2458869558
759,Christoper,Edison,Tecnología en Sistematización de Datos,1715323495
760,Aindrea,Maccari,Tecnología en Electrónica Industrial,2869942537
761,Homerus,Jerke,Ingeniería en Telecomunicaciones,2321026029
762,Bran,Sanders,Tecnología en Construcciones Civiles,5535028579
763,Isidor,Ferro,Tecnología en Gestión de la Producción Industrial,2508974786
764,Bess,Olpin,Ingeniería Civil,7263252684
765,Tarrance,Puller,Tecnología en Sistematización de Datos,3281300226
766,Di,Oldacres,Ingeniería en Control y Automatización,1736830845
767,Micky,McJerrow,Tecnología en Mecánica Industrial,1657809541
768,Ki,Spaight,Tecnología en Electrónica Industrial,8095979249
769,Donia,Trow,Tecnología en Mecánica Industrial,7854292834
770,Coral,Boules,Tecnología en Mecánica Industrial,1992246281
771,Regine,Brun,Tecnología en Construcciones Civiles,4821614719
772,Bibi,Geater,Ingeniería Mecánica,2478926957
773,Mikaela,Soares,Tecnología en Mecánica Industrial,7543407914
774,Herc,Flacknoe,Tecnología en Gestión de la Producción Industrial,4478357879
775,Danila,McDaid,Ingeniería de Producción,3468557441
776,Atlanta,Click,Tecnología en Construcciones Civiles,8397151167
777,Melva,Ivantyev,Tecnología en Electrónica Industrial,7777002100
778,Myrle,Kleinberer,Otro,3716358381
779,Paulita,Goggan,Ingeniería Eléctrica,5801474891
780,Mareah,Ellcock,Ingeniería Eléctrica,4489710007
781,Debee,Fridd,Tecnología en Mecánica Industrial,9688972893
782,Madeline,Sarrell,Ingeniería Mecánica,6164406062
783,Arabelle,Ruse,Tecnología en Electricidad de Media y Baja Tensión,3699400881
784,Carl,Crowhurst,Tecnología en Electricidad de Media y Baja Tensión,6658626603
785,Andris,Proppers,Tecnología en Construcciones Civiles,9711328653
786,Helaina,Roux,Ingeniería en Telecomunicaciones,1199099090
787,Marigold,Lasty,Ingeniería Eléctrica,4828031109
788,Willem,Newham,Tecnología en Electricidad de Media y Baja Tensión,5969808083
789,Edita,Pithcock,Tecnología en Mecánica Industrial,6005172151
790,Aurelie,Le Friec,Ingeniería Mecánica,3179124852
791,Chariot,Tesmond,Tecnología en Electricidad de Media y Baja Tensión,3446160565
792,Roxi,Lyngsted,Ingeniería de Producción,1916908508
793,Jermayne,Garrattley,Ingeniería en Control y Automatización,3342526128
794,Gwenora,Gledhall,Ingeniería Mecánica,6114591740
795,Petrina,Flower,Tecnología en Sistematización de Datos,5065878555
796,Maynard,Arkin,Tecnología en Mecánica Industrial,9552450400
797,Alvin,Emmet,Tecnología en Mecánica Industrial,9014486181
798,Justina,Heinzler,Tecnología en Sistematización de Datos,8094358112
799,Michelle,Grumble,Ingeniería Mecánica,2465062367
800,Genovera,D' Angelo,Tecnología en Electrónica Industrial,6823552788
801,Stillman,Filipyev,Tecnología en Gestión de la Producción Industrial,5816973316
802,Josh,Halpeine,Ingeniería de Producción,9335795234
803,Elke,Osmund,Ingeniería Eléctrica,4527718741
804,Millicent,Pozer,Ingeniería en Telecomunicaciones,2474926513
805,Merrill,Peniello,Tecnología en Mecánica Industrial,7537882219
806,Brander,Murrock,Tecnología en Mecánica Industrial,3499119925
807,Rockie,Mighele,Ingeniería Eléctrica,2611081045
808,Wylie,Wiley,Otro,7167496201
809,Alasteir,Dogerty,Tecnología en Electricidad de Media y Baja Tensión,3147667381
810,Zsazsa,Matyja,Ingeniería Mecánica,6823706101
811,Dona,Piele,Tecnología en Sistematización de Datos,3118301367
812,Skippy,Buckeridge,Ingeniería en Telecomunicaciones,1713992901
813,Eloise,Matkin,Tecnología en Electrónica Industrial,4514091202
814,Gaven,Dobby,Tecnología en Sistematización de Datos,2512473977
815,Reese,Witz,Tecnología en Mecánica Industrial,7388974563
816,Kelci,Meakes,Ingeniería en Telemática,9136965523
817,Willamina,Troman,Ingeniería Civil,1182792076
818,Gaby,Cowely,Ingeniería Eléctrica,8439849471
819,Harley,Keith,Tecnología en Gestión de la Producción Industrial,9426307373
820,Clare,Salandino,Ingeniería en Telemática,5422198765
821,Devinne,Syddall,Ingeniería Mecánica,4516096032
822,Manuel,Rudgard,Ingeniería Mecánica,7573771053
823,Darius,Yitzhak,Tecnología en Electrónica Industrial,5375383596
824,Odille,Hue,Tecnología en Mecánica Industrial,4967281061
825,Tobe,Chastang,Tecnología en Electrónica Industrial,4176882851
826,Janella,Upstell,Tecnología en Construcciones Civiles,7648382092
827,Shayla,Plain,Otro,9158634303
828,Rosie,Garcia,Ingeniería Eléctrica,7613027192
829,Filippo,Rye,Ingeniería Mecánica,9034370803
830,Bradney,Stobbe,Ingeniería en Control y Automatización,9539094799
831,Sibyl,Brevitt,Ingeniería en Telecomunicaciones,8229181776
832,Keene,Linde,Tecnología en Mecánica Industrial,7416402822
833,Justin,Enden,Tecnología en Mecánica Industrial,3865228697
834,Annnora,Woollett,Tecnología en Electricidad de Media y Baja Tensión,3566736939
835,Christie,Canning,Ingeniería Mecánica,3622636364
836,Cecil,Gonthier,Tecnología en Sistematización de Datos,1639559693
837,Willyt,Gorick,Tecnología en Gestión de la Producción Industrial,2337087431
838,Rania,Lidgertwood,Tecnología en Electricidad de Media y Baja Tensión,6719976336
839,Haze,Stribbling,Ingeniería en Telecomunicaciones,3471645473
840,Roz,Hurnell,Ingeniería Civil,4418832468
841,Adler,Kennefick,Ingeniería de Producción,4297643679
842,Terrel,Raveau,Ingeniería de Producción,7016018631
843,Ianthe,Arias,Tecnología en Gestión de la Producción Industrial,9357916534
844,Rosalie,Appleyard,Ingeniería de Producción,8538357762
845,Barthel,Kellett,Tecnología en Construcciones Civiles,4971167754
846,Nickie,Gyppes,Tecnología en Sistematización de Datos,9226098106
847,Christabel,Gieraths,Ingeniería de Producción,5676524692
848,Towny,Audas,Ingeniería Eléctrica,5376216907
849,Modestia,Rickesies,Otro,2995056306
850,Nerte,Freegard,Otro,9512335167
851,Koralle,Margett,Ingeniería en Telecomunicaciones,2676242780
852,Whitney,Barwis,Tecnología en Sistematización de Datos,5922072782
853,Jerome,Lawrey,Ingeniería en Control y Automatización,9972325868
854,Janine,Baume,Ingeniería Civil,3101248498
855,Filide,Rein,Tecnología en Construcciones Civiles,1565674592
856,Rhianna,Barraclough,Otro,9553255988
857,Rollins,Wisby,Ingeniería de Producción,2799030091
858,Denis,Gude,Tecnología en Sistematización de Datos,7499369933
859,Yetta,Westmore,Ingeniería Eléctrica,6168896625
860,Vin,Dyet,Tecnología en Mecánica Industrial,2771646847
861,Quentin,Bluck,Tecnología en Sistematización de Datos,2565331275
862,Sallyanne,Emmot,Tecnología en Gestión de la Producción Industrial,8486099265
863,Donn,Hamill,Ingeniería de Producción,1714087875
864,Odey,Crichley,Tecnología en Sistematización de Datos,7438170210
865,Wenda,Aleksandrev,Ingeniería de Producción,9132642784
866,Becka,Hinstock,Tecnología en Construcciones Civiles,4441139561
867,Lizette,Tune,Ingeniería de Producción,5396191502
868,Adora,Edgeworth,Tecnología en Electrónica Industrial,4774671749
869,Celia,Shearmer,Tecnología en Electricidad de Media y Baja Tensión,2101611160
870,Borg,Chiplen,Tecnología en Construcciones Civiles,1306896536
871,Pembroke,Elner,Tecnología en Electricidad de Media y Baja Tensión,3851532151
872,Ardene,Caen,Tecnología en Electrónica Industrial,3124617141
873,Bryn,Burdell,Tecnología en Electricidad de Media y Baja Tensión,1034220404
874,Donia,Cranch,Otro,2011024395
875,Lia,Hatherleigh,Tecnología en Electricidad de Media y Baja Tensión,1682480655
876,Roderigo,Galego,Tecnología en Electricidad de Media y Baja Tensión,5776643846
877,Gustav,Abbes,Ingeniería Mecánica,8545032477
878,Den,Woolmore,Tecnología en Sistematización de Datos,7817921136
879,Jock,Comazzo,Tecnología en Sistematización de Datos,7199335264
880,Niki,Maxwaile,Tecnología en Electricidad de Media y Baja Tensión,4126706334
881,Hesther,Legion,Tecnología en Gestión de la Producción Industrial,6828702691
882,Gilly,Warke,Ingeniería en Control y Automatización,9792566282
883,Maximilian,Nazareth,Tecnología en Gestión de la Producción Industrial,1621565431
884,Desiree,Bartalot,Tecnología en Construcciones Civiles,3217484768
885,Freddy,Rotlauf,Tecnología en Sistematización de Datos,8742811210
886,Faydra,Slowcock,Ingeniería Mecánica,9855151477
887,Annadiana,Dyke,Ingeniería en Telecomunicaciones,6768031535
888,Kerr,Weale,Tecnología en Sistematización de Datos,1001789454
889,Skipp,Trumpeter,Tecnología en Construcciones Civiles,2257031731
890,Collie,Josephoff,Tecnología en Construcciones Civiles,7976196944
891,Saloma,Brigstock,Ingeniería en Telemática,2084687904
892,Tawnya,Ramlot,Tecnología en Gestión de la Producción Industrial,1804840445
893,Bear,MacDonogh,Ingeniería en Control y Automatización,2108999346
894,Kriste,Leving,Tecnología en Construcciones Civiles,8312937656
895,Eliot,Roxbrough,Tecnología en Sistematización de Datos,7219428655
896,Gunner,Schimaschke,Ingeniería en Control y Automatización,7137265894
897,Guss,Cosgrave,Tecnología en Mecánica Industrial,3316117417
898,Rollie,Frotton,Tecnología en Electrónica Industrial,5883023287
899,Edgardo,Beavington,Tecnología en Construcciones Civiles,7089614765
900,Brittany,Ferenczi,Ingeniería Eléctrica,8305107396
901,Tamara,Danielkiewicz,Ingeniería Civil,3378782841
902,Phillis,Strudwick,Ingeniería Mecánica,9294428252
903,Barny,Legen,Tecnología en Sistematización de Datos,3479712008
904,Mohandis,Iacomelli,Tecnología en Construcciones Civiles,4337070142
905,Corey,O' Connell,Tecnología en Construcciones Civiles,8024610871
906,Gram,Ewbanke,Tecnología en Gestión de la Producción Industrial,7062238397
907,Barron,Scragg,Ingeniería Eléctrica,5954739328
908,Jessalyn,Stonehouse,Tecnología en Construcciones Civiles,1206037517
909,Frederic,Speddin,Ingeniería Civil,6363278499
910,Christina,Franies,Tecnología en Mecánica Industrial,9752117872
911,Stevana,Guinane,Otro,6402933268
912,Cal,Chong,Tecnología en Sistematización de Datos,2069870961
913,Christopher,Woollends,Tecnología en Electrónica Industrial,7489739153
914,Steffen,Longwood,Ingeniería Eléctrica,6233339364
915,Had,Wey,Ingeniería Mecánica,4411890633
916,Pat,Blois,Ingeniería Eléctrica,9274501006
917,Camel,Stout,Ingeniería de Producción,2685535010
918,Nelly,Cathesyed,Ingeniería en Telemática,8138018006
919,Mirabelle,Dearlove,Ingeniería Eléctrica,5478595454
920,Atlanta,Willatts,Ingeniería en Telemática,4671635483
921,Gradeigh,Bleackley,Tecnología en Construcciones Civiles,1704070074
922,Hallsy,Feron,Tecnología en Gestión de la Producción Industrial,2679696716
923,Shanan,Luton,Ingeniería en Telemática,6146323290
924,Dulcinea,Eytel,Tecnología en Electricidad de Media y Baja Tensión,5079822251
925,Herrick,Scotchmur,Ingeniería de Producción,6166563350
926,Mikkel,Lauderdale,Tecnología en Electrónica Industrial,6137372426
927,Ronni,Motion,Tecnología en Mecánica Industrial,9171699202
928,Faunie,Edgin,Ingeniería en Control y Automatización,8792932030
929,Albert,Camplen,Tecnología en Construcciones Civiles,7655191030
930,Dasya,Pothergill,Ingeniería en Control y Automatización,1597210449
931,Ursa,Banstead,Tecnología en Construcciones Civiles,3718903555
932,Britney,Attoc,Ingeniería de Producción,5356548724
933,Christoffer,Shillinglaw,Ingeniería Mecánica,2255647389
934,Alla,Werndley,Ingeniería en Telecomunicaciones,1917151647
935,Marcela,Erett,Ingeniería en Control y Automatización,7388954465
936,Rose,Dri,Tecnología en Gestión de la Producción Industrial,6861265107
937,Edmund,Ogden,Ingeniería Civil,7857313531
938,Elfie,Houltham,Ingeniería en Telemática,5109994320
939,Thorn,Showers,Ingeniería Eléctrica,9657445873
940,Cointon,Rochelle,Ingeniería en Control y Automatización,1438853970
941,Haleigh,Boame,Ingeniería Eléctrica,3284992618
942,Freemon,Balmadier,Tecnología en Gestión de la Producción Industrial,5529019728
943,Billie,Fieller,Tecnología en Electricidad de Media y Baja Tensión,2475347721
944,Sydel,Lindgren,Tecnología en Gestión de la Producción Industrial,2905041949
945,Jorry,Moston,Ingeniería Mecánica,4807070874
946,Jackie,Hursthouse,Tecnología en Gestión de la Producción Industrial,3575101991
947,Sheryl,Flori,Tecnología en Electricidad de Media y Baja Tensión,3631263489
948,Nanice,Hugin,Ingeniería de Producción,5806561641
949,Akim,Pawelke,Ingeniería de Producción,8909603180
950,Odell,Marcus,Ingeniería Civil,5591213921
951,Lesley,Mullin,Tecnología en Construcciones Civiles,5166069293
952,Baillie,Ough,Ingeniería de Producción,7872878951
953,Layton,Fairham,Ingeniería en Telemática,1068814256
954,Salome,Sartain,Tecnología en Sistematización de Datos,6924601370
955,Wilfrid,Rodrig,Ingeniería en Telecomunicaciones,3517958312
956,Leisha,Fassan,Tecnología en Construcciones Civiles,6968721312
957,Fleur,Lillie,Ingeniería en Control y Automatización,9917426445
958,Genevra,Mulderrig,Ingeniería en Telecomunicaciones,7617996987
959,Matilda,KardosStowe,Ingeniería en Telemática,6605864199
960,Graehme,Columbine,Tecnología en Mecánica Industrial,9671349734
961,Natalie,Rosenfield,Ingeniería en Telemática,2767567101
962,Cathrine,Baurerich,Ingeniería de Producción,5007242454
963,Jorey,Vedyashkin,Tecnología en Mecánica Industrial,3488632716
964,Guillema,Grzes,Tecnología en Construcciones Civiles,2105474486
965,Philippe,Oakley,Tecnología en Sistematización de Datos,6904305359
966,Gwenette,Kearle,Tecnología en Mecánica Industrial,1242137061
967,Consolata,Annatt,Tecnología en Gestión de la Producción Industrial,1232710146
968,Garner,Schuck,Tecnología en Sistematización de Datos,5882830525
969,Odelia,Atteridge,Ingeniería en Telemática,4534112639
970,Rudyard,Blazewski,Tecnología en Construcciones Civiles,3744941244
971,Kevyn,Chappelle,Otro,3913845981
972,Sam,Nehl,Tecnología en Mecánica Industrial,6567538740
973,Northrop,Petracchi,Otro,1027089426
974,Rudy,Ayliffe,Ingeniería en Control y Automatización,7697842493
975,Cart,Lawerence,Tecnología en Electrónica Industrial,3448819237
976,Federica,Laurand,Tecnología en Electrónica Industrial,9078070940
977,Fianna,Iglesiaz,Ingeniería Civil,6335242283
978,Doti,Hamflett,Ingeniería de Producción,2985662356
979,Perice,Burtwell,Ingeniería Eléctrica,1871754628
980,Oberon,Beauchamp,Tecnología en Construcciones Civiles,5471234239
981,Cate,Tarborn,Tecnología en Construcciones Civiles,3006395395
982,Valida,Syer,Tecnología en Mecánica Industrial,7124598748
983,Carlina,Littrik,Tecnología en Construcciones Civiles,3103704704
984,Jess,Aleksandrev,Tecnología en Construcciones Civiles,5255578750
985,Hernando,McCerery,Tecnología en Sistematización de Datos,5577238607
986,Cele,Morphey,Ingeniería Eléctrica,9537493844
987,Ruthy,Zavittieri,Ingeniería en Control y Automatización,1397228012
988,Andy,Jirieck,Ingeniería en Telecomunicaciones,9397752894
989,Ciro,Dauber,Ingeniería en Telemática,1239870350
990,Catherina,Kedslie,Otro,1846900652
991,Brok,Northeast,Tecnología en Gestión de la Producción Industrial,9397969883
992,Analiese,Benns,Otro,9122712320
993,Ora,Bonifacio,Ingeniería en Telecomunicaciones,7284744135
994,Merell,Scouller,Ingeniería Eléctrica,4699436224
995,Lucais,Dzenisenka,Ingeniería Eléctrica,6799847689
996,Heddi,Plumridege,Tecnología en Sistematización de Datos,3877470123
997,Tremaine,Telezhkin,Tecnología en Electrónica Industrial,3807846424
998,Dugald,Gerring,Tecnología en Construcciones Civiles,3742660093
999,Albertine,Ailward,Ingeniería en Telecomunicaciones,8723857675
1000,Janeen,Dyment,Tecnología en Electricidad de Media y Baja Tensión,1378872595
